rate_code,Slope,Intercept,Formula,R-squared
D200,0.12567571260940263,57.596387102122996,y = 0.1257·x + 57.5964,0.9933070387396248
D300,0.12347758110729634,403.27510579756387,y = 0.1235·x + 403.2751,0.9587356134708347
